{
  "tests": [
    {
      "name": "Test 1 - Calcular prima base con cobertura básica",
      "setup": "",
      "run": "mvn test -Dtest=edu.eam.ingesoft.logica.cotizador.CotizadorSeguroTest#testCalcularPrimaBaseBasica",
      "input": "",
      "output": "",
      "comparison": "included",
      "timeout": 10,
      "points": 4
    },
    {
      "name": "Test 2 - Calcular prima base con cobertura intermedia",
      "setup": "",
      "run": "mvn test -Dtest=edu.eam.ingesoft.logica.cotizador.CotizadorSeguroTest#testCalcularPrimaBaseIntermedia",
      "input": "",
      "output": "",
      "comparison": "included",
      "timeout": 10,
      "points": 4
    },
    {
      "name": "Test 3 - Calcular prima base con cobertura premium",
      "setup": "",
      "run": "mvn test -Dtest=edu.eam.ingesoft.logica.cotizador.CotizadorSeguroTest#testCalcularPrimaBasePremium",
      "input": "",
      "output": "",
      "comparison": "included",
      "timeout": 10,
      "points": 4
    },
    {
      "name": "Test 4 - Factor de edad para conductor joven",
      "setup": "",
      "run": "mvn test -Dtest=edu.eam.ingesoft.logica.cotizador.CotizadorSeguroTest#testFactorEdadConductorJoven",
      "input": "",
      "output": "",
      "comparison": "included",
      "timeout": 10,
      "points": 4
    },
    {
      "name": "Test 5 - Factor de edad para conductor adulto",
      "setup": "",
      "run": "mvn test -Dtest=edu.eam.ingesoft.logica.cotizador.CotizadorSeguroTest#testFactorEdadConductorAdulto",
      "input": "",
      "output": "",
      "comparison": "included",
      "timeout": 10,
      "points": 4
    },
    {
      "name": "Test 6 - Factor de edad para conductor mayor",
      "setup": "",
      "run": "mvn test -Dtest=edu.eam.ingesoft.logica.cotizador.CotizadorSeguroTest#testFactorEdadConductorMayor",
      "input": "",
      "output": "",
      "comparison": "included",
      "timeout": 10,
      "points": 4
    },
    {
      "name": "Test 7 - Factor de experiencia para conductor novato",
      "setup": "",
      "run": "mvn test -Dtest=edu.eam.ingesoft.logica.cotizador.CotizadorSeguroTest#testFactorExperienciaNovato",
      "input": "",
      "output": "",
      "comparison": "included",
      "timeout": 10,
      "points": 4
    },
    {
      "name": "Test 8 - Factor de experiencia para conductor experimentado",
      "setup": "",
      "run": "mvn test -Dtest=edu.eam.ingesoft.logica.cotizador.CotizadorSeguroTest#testFactorExperienciaExperimentado",
      "input": "",
      "output": "",
      "comparison": "included",
      "timeout": 10,
      "points": 4
    },
    {
      "name": "Test 9 - Factor de antigüedad del vehículo nuevo",
      "setup": "",
      "run": "mvn test -Dtest=edu.eam.ingesoft.logica.cotizador.CotizadorSeguroTest#testFactorAntiguedadVehiculoNuevo",
      "input": "",
      "output": "",
      "comparison": "included",
      "timeout": 10,
      "points": 4
    },
    {
      "name": "Test 10 - Descuento por deducible alto",
      "setup": "",
      "run": "mvn test -Dtest=edu.eam.ingesoft.logica.cotizador.CotizadorSeguroTest#testDescuentoDeducibleAlto",
      "input": "",
      "output": "",
      "comparison": "included",
      "timeout": 10,
      "points": 4
    },
    {
      "name": "Test 11 - Costos adicionales con todos los servicios",
      "setup": "",
      "run": "mvn test -Dtest=edu.eam.ingesoft.logica.cotizador.CotizadorSeguroTest#testCostosAdicionalesCompletos",
      "input": "",
      "output": "",
      "comparison": "included",
      "timeout": 10,
      "points": 4
    },
    {
      "name": "Test 12 - Verificar elegibilidad conductor menor",
      "setup": "",
      "run": "mvn test -Dtest=edu.eam.ingesoft.logica.cotizador.CotizadorSeguroTest#testElegibilidadMenorEdad",
      "input": "",
      "output": "",
      "comparison": "included",
      "timeout": 10,
      "points": 4
    },
    {
      "name": "Test 13 - Verificar elegibilidad conductor válido",
      "setup": "",
      "run": "mvn test -Dtest=edu.eam.ingesoft.logica.cotizador.CotizadorSeguroTest#testElegibilidadConductorValido",
      "input": "",
      "output": "",
      "comparison": "included",
      "timeout": 10,
      "points": 4
    },
    {
      "name": "Test 14 - Califica descuento buen conductor",
      "setup": "",
      "run": "mvn test -Dtest=edu.eam.ingesoft.logica.cotizador.CotizadorSeguroTest#testCalificaDescuentoBuenConductor",
      "input": "",
      "output": "",
      "comparison": "included",
      "timeout": 10,
      "points": 4
    },
    {
      "name": "Test 15 - No califica descuento buen conductor",
      "setup": "",
      "run": "mvn test -Dtest=edu.eam.ingesoft.logica.cotizador.CotizadorSeguroTest#testNoCalificaDescuentoBuenConductor",
      "input": "",
      "output": "",
      "comparison": "included",
      "timeout": 10,
      "points": 4
    },
    {
      "name": "Test 16 - Monto máximo cobertura básica",
      "setup": "",
      "run": "mvn test -Dtest=edu.eam.ingesoft.logica.cotizador.CotizadorSeguroTest#testMontoMaximoCoberturaBasica",
      "input": "",
      "output": "",
      "comparison": "included",
      "timeout": 10,
      "points": 4
    },
    {
      "name": "Test 17 - Requiere inspección vehículo antiguo",
      "setup": "",
      "run": "mvn test -Dtest=edu.eam.ingesoft.logica.cotizador.CotizadorSeguroTest#testRequiereInspeccionVehiculoAntiguo",
      "input": "",
      "output": "",
      "comparison": "included",
      "timeout": 10,
      "points": 4
    },
    {
      "name": "Test 18 - Validar datos correctos",
      "setup": "",
      "run": "mvn test -Dtest=edu.eam.ingesoft.logica.cotizador.CotizadorSeguroTest#testValidarDatosCorrectos",
      "input": "",
      "output": "",
      "comparison": "included",
      "timeout": 10,
      "points": 4
    },
    {
      "name": "Test 19 - Calcular prima mensual",
      "setup": "",
      "run": "mvn test -Dtest=edu.eam.ingesoft.logica.cotizador.CotizadorSeguroTest#testCalcularPrimaMensual",
      "input": "",
      "output": "",
      "comparison": "included",
      "timeout": 10,
      "points": 4
    },
    {
      "name": "Test 20 - Getters y Setters",
      "setup": "",
      "run": "mvn test -Dtest=edu.eam.ingesoft.logica.cotizador.CotizadorSeguroTest#testGetSetMarcaVehiculo",
      "input": "",
      "output": "",
      "comparison": "included",
      "timeout": 10,
      "points": 4
    },
    {
      "name": "Test 21 - Setter y Getter edad conductor",
      "setup": "",
      "run": "mvn test -Dtest=edu.eam.ingesoft.logica.cotizador.CotizadorSeguroTest#testGetSetEdadConductor",
      "input": "",
      "output": "",
      "comparison": "included",
      "timeout": 10,
      "points": 4
    },
    {
      "name": "Test 22 - Setter y Getter tipo cobertura",
      "setup": "",
      "run": "mvn test -Dtest=edu.eam.ingesoft.logica.cotizador.CotizadorSeguroTest#testGetSetTipoCobertura",
      "input": "",
      "output": "",
      "comparison": "included",
      "timeout": 10,
      "points": 4
    },
    {
      "name": "Test 23 - Generar resumen cotización",
      "setup": "",
      "run": "mvn test -Dtest=edu.eam.ingesoft.logica.cotizador.CotizadorSeguroTest#testGenerarResumenCotizacion",
      "input": "",
      "output": "",
      "comparison": "included",
      "timeout": 10,
      "points": 4
    },
    {
      "name": "Test 24 - Calcular prima total completa",
      "setup": "",
      "run": "mvn test -Dtest=edu.eam.ingesoft.logica.cotizador.CotizadorSeguroTest#testCalcularPrimaTotalCompleta",
      "input": "",
      "output": "",
      "comparison": "included",
      "timeout": 10,
      "points": 4
    },
    {
      "name": "Test 25 - Validar datos con valor negativo",
      "setup": "",
      "run": "mvn test -Dtest=edu.eam.ingesoft.logica.cotizador.CotizadorSeguroTest#testValidarDatosValorNegativo",
      "input": "",
      "output": "",
      "comparison": "included",
      "timeout": 10,
      "points": 4
    }
  ]
}